{"cameraMode":{"drawMode":0,"name":"Shaded","section":"Shading Mode"},"sceneLighting":false,"audioPlay":false,"sceneViewState":{"m_AlwaysRefresh":false,"showFog":true,"showSkybox":false,"showFlares":true,"showImageEffects":true,"showParticleSystems":true,"showVisualEffectGraphs":true,"m_FxEnabled":true},"in2DMode":false,"pivot":{"x":6.173231601715088,"y":0.8149468898773193,"z":0.5272245407104492},"rotation":{"x":-0.21636295318603517,"y":0.052705101668834689,"z":-0.01170351542532444,"w":-0.9748730659484863},"size":10.987285614013672,"orthographic":true}